name,gender,dob
James,M,04-09-1942
John,M,18-04-1976
Robert,M,07-03-1980
Michael,M,28-01-1949
William,M,03-08-1998
Mary,F,03-07-1984
David,M,15-04-1962
Richard,M,25-02-1969
Joseph,M,14-06-7298
Charles,M,02-03-1970
Thomas,M,22-09-1969
Christopher,M,19-08-1971
Daniel,M,18-11-1995
Patricia,F,05-06-1974
Matthew,M,15-05-1940
Elizabeth,F,23-10-1990
Jennifer,F,14-06-1972
Linda,F,02-10-1958
Barbara,F,14-12-1926
Donald,M,21-04-1958
Anthony,M,30-08-1976
Paul,M,13-05-1937
Mark,M,31-03-1953
George,M,09-06-1953
Steven,M,12-07-1973
Kenneth,M,18-02-1991
Andrew,M,19-12-1961
Edward,M,08-05-1995
Joshua,M,02-11-1990
Brian,M,16-04-1968
Kevin,M,11-06-1926
Margaret,F,26-11-2000
Susan,F,07-10-1979
Ronald,M,10-07-1962
Timothy,M,06-05-1964
Dorothy,F,13-01-1982
Jessica,F,19-07-1991
Sarah,F,10-04-1970
Jason,M,16-08-1966
Betty,F,23-07-1991
Nancy,F,18-03-1974
Karen,F,01-04-1939
Jeffrey,M,26-07-1976
Lisa,F,06-12-1978
Gary,M,15-09-1996
Helen,F,04-08-1926
Ryan,M,01-07-1957
Sandra,F,17-01-1981
Nicholas,M,05-12-1995
